Category,Supplier,Brand,Year,Month,Profit (Month)
Treadmill,Peak Performance Gear,Apex Athletics,2018,1,13318
Treadmill,Peak Performance Gear,Apex Athletics,2018,2,12921
Treadmill,Peak Performance Gear,Apex Athletics,2018,3,13752
Treadmill,Peak Performance Gear,Apex Athletics,2018,4,13355
Treadmill,Peak Performance Gear,Apex Athletics,2018,5,12130
Treadmill,Peak Performance Gear,Apex Athletics,2018,6,14875
Treadmill,Peak Performance Gear,Apex Athletics,2018,7,14968
Treadmill,Peak Performance Gear,Apex Athletics,2018,8,10295
Treadmill,Peak Performance Gear,Apex Athletics,2018,9,13142
Treadmill,Peak Performance Gear,Apex Athletics,2018,10,10970
Treadmill,Peak Performance Gear,Apex Athletics,2018,11,12016
Treadmill,Peak Performance Gear,Apex Athletics,2018,12,10843
Treadmill,Peak Performance Gear,Apex Athletics,2019,1,13156
Treadmill,Peak Performance Gear,Apex Athletics,2019,2,13692
Treadmill,Peak Performance Gear,Apex Athletics,2019,3,13328
Treadmill,Peak Performance Gear,Apex Athletics,2019,4,10024
Treadmill,Peak Performance Gear,Apex Athletics,2019,5,13917
Treadmill,Peak Performance Gear,Apex Athletics,2019,6,12179
Treadmill,Peak Performance Gear,Apex Athletics,2019,7,11499
Treadmill,Peak Performance Gear,Apex Athletics,2019,8,10133
Treadmill,Peak Performance Gear,Apex Athletics,2019,9,13681
Treadmill,Peak Performance Gear,Apex Athletics,2019,10,10376
Treadmill,Peak Performance Gear,Apex Athletics,2019,11,11991
Treadmill,Peak Performance Gear,Apex Athletics,2019,12,11393
Treadmill,Peak Performance Gear,Apex Athletics,2020,1,11935
Treadmill,Peak Performance Gear,Apex Athletics,2020,2,13569
Treadmill,Peak Performance Gear,Apex Athletics,2020,3,10201
Treadmill,Peak Performance Gear,Apex Athletics,2020,4,12598
Treadmill,Peak Performance Gear,Apex Athletics,2020,5,10044
Treadmill,Peak Performance Gear,Apex Athletics,2020,6,12256
Treadmill,Peak Performance Gear,Apex Athletics,2020,7,12323
Treadmill,Peak Performance Gear,Apex Athletics,2020,8,11586
Treadmill,Peak Performance Gear,Apex Athletics,2020,9,12968
Treadmill,Peak Performance Gear,Apex Athletics,2020,10,13473
Treadmill,Peak Performance Gear,Apex Athletics,2020,11,11407
Treadmill,Peak Performance Gear,Apex Athletics,2020,12,14489
Treadmill,Peak Performance Gear,Apex Athletics,2021,1,12649
Treadmill,Peak Performance Gear,Apex Athletics,2021,2,10070
Treadmill,Peak Performance Gear,Apex Athletics,2021,3,10310
Treadmill,Peak Performance Gear,Apex Athletics,2021,4,13118
Treadmill,Peak Performance Gear,Apex Athletics,2021,5,12475
Treadmill,Peak Performance Gear,Apex Athletics,2021,6,14016
Treadmill,Peak Performance Gear,Apex Athletics,2021,7,12399
Treadmill,Peak Performance Gear,Apex Athletics,2021,8,13136
Treadmill,Peak Performance Gear,Apex Athletics,2021,9,12868
Treadmill,Peak Performance Gear,Apex Athletics,2021,10,11697
Treadmill,Peak Performance Gear,Apex Athletics,2021,11,10656
Treadmill,Peak Performance Gear,Apex Athletics,2021,12,10532
Treadmill,Peak Performance Gear,Apex Athletics,2022,1,11463
Treadmill,Peak Performance Gear,Apex Athletics,2022,2,14442
Treadmill,Peak Performance Gear,Apex Athletics,2022,3,11864
Treadmill,Peak Performance Gear,Apex Athletics,2022,4,11350
Treadmill,Peak Performance Gear,Apex Athletics,2022,5,11833
Treadmill,Peak Performance Gear,Apex Athletics,2022,6,11800
Treadmill,Peak Performance Gear,Apex Athletics,2022,7,13422
Treadmill,Peak Performance Gear,Apex Athletics,2022,8,11474
Treadmill,Peak Performance Gear,Apex Athletics,2022,9,10310
Treadmill,Peak Performance Gear,Apex Athletics,2022,10,12170
Treadmill,Peak Performance Gear,Apex Athletics,2022,11,13186
Treadmill,Peak Performance Gear,Apex Athletics,2022,12,13229
Treadmill,Peak Performance Gear,Apex Athletics,2023,1,14898
Treadmill,Peak Performance Gear,Apex Athletics,2023,2,10854
Treadmill,Peak Performance Gear,Apex Athletics,2023,3,13968
Treadmill,Peak Performance Gear,Apex Athletics,2023,4,11705
Treadmill,Peak Performance Gear,Apex Athletics,2023,5,13356
Treadmill,Peak Performance Gear,Apex Athletics,2023,6,14772
Treadmill,Peak Performance Gear,Apex Athletics,2023,7,11857
Treadmill,Peak Performance Gear,Apex Athletics,2023,8,12892
Treadmill,Peak Performance Gear,Apex Athletics,2023,9,13518
Treadmill,Peak Performance Gear,Apex Athletics,2023,10,10268
Treadmill,Peak Performance Gear,Apex Athletics,2023,11,12263
Treadmill,Peak Performance Gear,Apex Athletics,2023,12,11636
Treadmill,Peak Performance Gear,Apex Athletics,2024,1,14337
Treadmill,Peak Performance Gear,Apex Athletics,2024,2,10445
Treadmill,Peak Performance Gear,Apex Athletics,2024,3,14665
Treadmill,Peak Performance Gear,Apex Athletics,2024,4,10531
Treadmill,Peak Performance Gear,Apex Athletics,2024,5,10075
Treadmill,Peak Performance Gear,Summit Strength,2018,1,13788
Treadmill,Peak Performance Gear,Summit Strength,2018,2,10423
Treadmill,Peak Performance Gear,Summit Strength,2018,3,12282
Treadmill,Peak Performance Gear,Summit Strength,2018,4,14302
Treadmill,Peak Performance Gear,Summit Strength,2018,5,12778
Treadmill,Peak Performance Gear,Summit Strength,2018,6,10276
Treadmill,Peak Performance Gear,Summit Strength,2018,7,11662
Treadmill,Peak Performance Gear,Summit Strength,2018,8,10041
Treadmill,Peak Performance Gear,Summit Strength,2018,9,11757
Treadmill,Peak Performance Gear,Summit Strength,2018,10,12137
Treadmill,Peak Performance Gear,Summit Strength,2018,11,10449
Treadmill,Peak Performance Gear,Summit Strength,2018,12,14341
Treadmill,Peak Performance Gear,Summit Strength,2019,1,11182
Treadmill,Peak Performance Gear,Summit Strength,2019,2,11916
Treadmill,Peak Performance Gear,Summit Strength,2019,3,14714
Treadmill,Peak Performance Gear,Summit Strength,2019,4,14484
Treadmill,Peak Performance Gear,Summit Strength,2019,5,13267
Treadmill,Peak Performance Gear,Summit Strength,2019,6,12272
Treadmill,Peak Performance Gear,Summit Strength,2019,7,13571
Treadmill,Peak Performance Gear,Summit Strength,2019,8,12247
Treadmill,Peak Performance Gear,Summit Strength,2019,9,11731
Treadmill,Peak Performance Gear,Summit Strength,2019,10,11976
Treadmill,Peak Performance Gear,Summit Strength,2019,11,14145
Treadmill,Peak Performance Gear,Summit Strength,2019,12,13266
Treadmill,Peak Performance Gear,Summit Strength,2020,1,13340
Treadmill,Peak Performance Gear,Summit Strength,2020,2,13886
Treadmill,Peak Performance Gear,Summit Strength,2020,3,13810
Treadmill,Peak Performance Gear,Summit Strength,2020,4,10825
Treadmill,Peak Performance Gear,Summit Strength,2020,5,10747
Treadmill,Peak Performance Gear,Summit Strength,2020,6,13759
Treadmill,Peak Performance Gear,Summit Strength,2020,7,11532
Treadmill,Peak Performance Gear,Summit Strength,2020,8,12499
Treadmill,Peak Performance Gear,Summit Strength,2020,9,14057
Treadmill,Peak Performance Gear,Summit Strength,2020,10,13147
Treadmill,Peak Performance Gear,Summit Strength,2020,11,10171
Treadmill,Peak Performance Gear,Summit Strength,2020,12,13596
Treadmill,Peak Performance Gear,Summit Strength,2021,1,11532
Treadmill,Peak Performance Gear,Summit Strength,2021,2,12304
Treadmill,Peak Performance Gear,Summit Strength,2021,3,14264
Treadmill,Peak Performance Gear,Summit Strength,2021,4,12175
Treadmill,Peak Performance Gear,Summit Strength,2021,5,12918
Treadmill,Peak Performance Gear,Summit Strength,2021,6,12064
Treadmill,Peak Performance Gear,Summit Strength,2021,7,12413
Treadmill,Peak Performance Gear,Summit Strength,2021,8,13525
Treadmill,Peak Performance Gear,Summit Strength,2021,9,10951
Treadmill,Peak Performance Gear,Summit Strength,2021,10,13264
Treadmill,Peak Performance Gear,Summit Strength,2021,11,10467
Treadmill,Peak Performance Gear,Summit Strength,2021,12,11324
Treadmill,Peak Performance Gear,Summit Strength,2022,1,11030
Treadmill,Peak Performance Gear,Summit Strength,2022,2,14968
Treadmill,Peak Performance Gear,Summit Strength,2022,3,14595
Treadmill,Peak Performance Gear,Summit Strength,2022,4,13586
Treadmill,Peak Performance Gear,Summit Strength,2022,5,14017
Treadmill,Peak Performance Gear,Summit Strength,2022,6,14063
Treadmill,Peak Performance Gear,Summit Strength,2022,7,10051
Treadmill,Peak Performance Gear,Summit Strength,2022,8,11493
Treadmill,Peak Performance Gear,Summit Strength,2022,9,14822
Treadmill,Peak Performance Gear,Summit Strength,2022,10,11335
Treadmill,Peak Performance Gear,Summit Strength,2022,11,14560
Treadmill,Peak Performance Gear,Summit Strength,2022,12,12854
Treadmill,Peak Performance Gear,Summit Strength,2023,1,10425
Treadmill,Peak Performance Gear,Summit Strength,2023,2,12137
Treadmill,Peak Performance Gear,Summit Strength,2023,3,11373
Treadmill,Peak Performance Gear,Summit Strength,2023,4,11091
Treadmill,Peak Performance Gear,Summit Strength,2023,5,10287
Treadmill,Peak Performance Gear,Summit Strength,2023,6,10096
Treadmill,Peak Performance Gear,Summit Strength,2023,7,13815
Treadmill,Peak Performance Gear,Summit Strength,2023,8,14086
Treadmill,Peak Performance Gear,Summit Strength,2023,9,10519
Treadmill,Peak Performance Gear,Summit Strength,2023,10,13977
Treadmill,Peak Performance Gear,Summit Strength,2023,11,10682
Treadmill,Peak Performance Gear,Summit Strength,2023,12,14899
Treadmill,Peak Performance Gear,Summit Strength,2024,1,14564
Treadmill,Peak Performance Gear,Summit Strength,2024,2,10453
Treadmill,Peak Performance Gear,Summit Strength,2024,3,11827
Treadmill,Peak Performance Gear,Summit Strength,2024,4,10588
Treadmill,Peak Performance Gear,Summit Strength,2024,5,14056
Treadmill,Titan Fitness Supply,Hercules Gear,2018,1,11477
Treadmill,Titan Fitness Supply,Hercules Gear,2018,2,14410
Treadmill,Titan Fitness Supply,Hercules Gear,2018,3,12314
Treadmill,Titan Fitness Supply,Hercules Gear,2018,4,14417
Treadmill,Titan Fitness Supply,Hercules Gear,2018,5,14670
Treadmill,Titan Fitness Supply,Hercules Gear,2018,6,11757
Treadmill,Titan Fitness Supply,Hercules Gear,2018,7,11861
Treadmill,Titan Fitness Supply,Hercules Gear,2018,8,14517
Treadmill,Titan Fitness Supply,Hercules Gear,2018,9,12009
Treadmill,Titan Fitness Supply,Hercules Gear,2018,10,12863
Treadmill,Titan Fitness Supply,Hercules Gear,2018,11,11187
Treadmill,Titan Fitness Supply,Hercules Gear,2018,12,12794
Treadmill,Titan Fitness Supply,Hercules Gear,2019,1,11753
Treadmill,Titan Fitness Supply,Hercules Gear,2019,2,13650
Treadmill,Titan Fitness Supply,Hercules Gear,2019,3,14980
Treadmill,Titan Fitness Supply,Hercules Gear,2019,4,11343
Treadmill,Titan Fitness Supply,Hercules Gear,2019,5,13789
Treadmill,Titan Fitness Supply,Hercules Gear,2019,6,14204
Treadmill,Titan Fitness Supply,Hercules Gear,2019,7,14683
Treadmill,Titan Fitness Supply,Hercules Gear,2019,8,11030
Treadmill,Titan Fitness Supply,Hercules Gear,2019,9,11220
Treadmill,Titan Fitness Supply,Hercules Gear,2019,10,14348
Treadmill,Titan Fitness Supply,Hercules Gear,2019,11,11663
Treadmill,Titan Fitness Supply,Hercules Gear,2019,12,14686
Treadmill,Titan Fitness Supply,Hercules Gear,2020,1,12667
Treadmill,Titan Fitness Supply,Hercules Gear,2020,2,12101
Treadmill,Titan Fitness Supply,Hercules Gear,2020,3,14375
Treadmill,Titan Fitness Supply,Hercules Gear,2020,4,14576
Treadmill,Titan Fitness Supply,Hercules Gear,2020,5,11629
Treadmill,Titan Fitness Supply,Hercules Gear,2020,6,11257
Treadmill,Titan Fitness Supply,Hercules Gear,2020,7,10666
Treadmill,Titan Fitness Supply,Hercules Gear,2020,8,12284
Treadmill,Titan Fitness Supply,Hercules Gear,2020,9,10084
Treadmill,Titan Fitness Supply,Hercules Gear,2020,10,12708
Treadmill,Titan Fitness Supply,Hercules Gear,2020,11,10903
Treadmill,Titan Fitness Supply,Hercules Gear,2020,12,12260
Treadmill,Titan Fitness Supply,Hercules Gear,2021,1,13154
Treadmill,Titan Fitness Supply,Hercules Gear,2021,2,14351
Treadmill,Titan Fitness Supply,Hercules Gear,2021,3,12001
Treadmill,Titan Fitness Supply,Hercules Gear,2021,4,13116
Treadmill,Titan Fitness Supply,Hercules Gear,2021,5,12878
Treadmill,Titan Fitness Supply,Hercules Gear,2021,6,14005
Treadmill,Titan Fitness Supply,Hercules Gear,2021,7,14782
Treadmill,Titan Fitness Supply,Hercules Gear,2021,8,10373
Treadmill,Titan Fitness Supply,Hercules Gear,2021,9,13264
Treadmill,Titan Fitness Supply,Hercules Gear,2021,10,13362
Treadmill,Titan Fitness Supply,Hercules Gear,2021,11,10416
Treadmill,Titan Fitness Supply,Hercules Gear,2021,12,12973
Treadmill,Titan Fitness Supply,Hercules Gear,2022,1,14251
Treadmill,Titan Fitness Supply,Hercules Gear,2022,2,10881
Treadmill,Titan Fitness Supply,Hercules Gear,2022,3,10322
Treadmill,Titan Fitness Supply,Hercules Gear,2022,4,11335
Treadmill,Titan Fitness Supply,Hercules Gear,2022,5,11140
Treadmill,Titan Fitness Supply,Hercules Gear,2022,6,11705
Treadmill,Titan Fitness Supply,Hercules Gear,2022,7,10152
Treadmill,Titan Fitness Supply,Hercules Gear,2022,8,12344
Treadmill,Titan Fitness Supply,Hercules Gear,2022,9,11967
Treadmill,Titan Fitness Supply,Hercules Gear,2022,10,14387
Treadmill,Titan Fitness Supply,Hercules Gear,2022,11,14417
Treadmill,Titan Fitness Supply,Hercules Gear,2022,12,10356
Treadmill,Titan Fitness Supply,Hercules Gear,2023,1,10959
Treadmill,Titan Fitness Supply,Hercules Gear,2023,2,12899
Treadmill,Titan Fitness Supply,Hercules Gear,2023,3,10591
Treadmill,Titan Fitness Supply,Hercules Gear,2023,4,11020
Treadmill,Titan Fitness Supply,Hercules Gear,2023,5,14265
Treadmill,Titan Fitness Supply,Hercules Gear,2023,6,13493
Treadmill,Titan Fitness Supply,Hercules Gear,2023,7,13396
Treadmill,Titan Fitness Supply,Hercules Gear,2023,8,10405
Treadmill,Titan Fitness Supply,Hercules Gear,2023,9,14423
Treadmill,Titan Fitness Supply,Hercules Gear,2023,10,12315
Treadmill,Titan Fitness Supply,Hercules Gear,2023,11,12785
Treadmill,Titan Fitness Supply,Hercules Gear,2023,12,13220
Treadmill,Titan Fitness Supply,Hercules Gear,2024,1,10248
Treadmill,Titan Fitness Supply,Hercules Gear,2024,2,11009
Treadmill,Titan Fitness Supply,Hercules Gear,2024,3,11790
Treadmill,Titan Fitness Supply,Hercules Gear,2024,4,10662
Treadmill,Titan Fitness Supply,Hercules Gear,2024,5,11714
Treadmill,Titan Fitness Supply,Spartan Sports,2018,1,10371
Treadmill,Titan Fitness Supply,Spartan Sports,2018,2,10304
Treadmill,Titan Fitness Supply,Spartan Sports,2018,3,13165
Treadmill,Titan Fitness Supply,Spartan Sports,2018,4,10514
Treadmill,Titan Fitness Supply,Spartan Sports,2018,5,12064
Treadmill,Titan Fitness Supply,Spartan Sports,2018,6,13107
Treadmill,Titan Fitness Supply,Spartan Sports,2018,7,14745
Treadmill,Titan Fitness Supply,Spartan Sports,2018,8,12976
Treadmill,Titan Fitness Supply,Spartan Sports,2018,9,11755
Treadmill,Titan Fitness Supply,Spartan Sports,2018,10,10467
Treadmill,Titan Fitness Supply,Spartan Sports,2018,11,10828
Treadmill,Titan Fitness Supply,Spartan Sports,2018,12,10225
Treadmill,Titan Fitness Supply,Spartan Sports,2019,1,13972
Treadmill,Titan Fitness Supply,Spartan Sports,2019,2,13077
Treadmill,Titan Fitness Supply,Spartan Sports,2019,3,11296
Treadmill,Titan Fitness Supply,Spartan Sports,2019,4,10015
Treadmill,Titan Fitness Supply,Spartan Sports,2019,5,12516
Treadmill,Titan Fitness Supply,Spartan Sports,2019,6,12329
Treadmill,Titan Fitness Supply,Spartan Sports,2019,7,11466
Treadmill,Titan Fitness Supply,Spartan Sports,2019,8,12461
Treadmill,Titan Fitness Supply,Spartan Sports,2019,9,14080
Treadmill,Titan Fitness Supply,Spartan Sports,2019,10,12555
Treadmill,Titan Fitness Supply,Spartan Sports,2019,11,13627
Treadmill,Titan Fitness Supply,Spartan Sports,2019,12,14046
Treadmill,Titan Fitness Supply,Spartan Sports,2020,1,13222
Treadmill,Titan Fitness Supply,Spartan Sports,2020,2,11479
Treadmill,Titan Fitness Supply,Spartan Sports,2020,3,12866
Treadmill,Titan Fitness Supply,Spartan Sports,2020,4,14369
Treadmill,Titan Fitness Supply,Spartan Sports,2020,5,12553
Treadmill,Titan Fitness Supply,Spartan Sports,2020,6,10898
Treadmill,Titan Fitness Supply,Spartan Sports,2020,7,10059
Treadmill,Titan Fitness Supply,Spartan Sports,2020,8,14743
Treadmill,Titan Fitness Supply,Spartan Sports,2020,9,10660
Treadmill,Titan Fitness Supply,Spartan Sports,2020,10,11871
Treadmill,Titan Fitness Supply,Spartan Sports,2020,11,10499
Treadmill,Titan Fitness Supply,Spartan Sports,2020,12,13306
Treadmill,Titan Fitness Supply,Spartan Sports,2021,1,12983
Treadmill,Titan Fitness Supply,Spartan Sports,2021,2,12615
Treadmill,Titan Fitness Supply,Spartan Sports,2021,3,13278
Treadmill,Titan Fitness Supply,Spartan Sports,2021,4,14657
Treadmill,Titan Fitness Supply,Spartan Sports,2021,5,12947
Treadmill,Titan Fitness Supply,Spartan Sports,2021,6,12735
Treadmill,Titan Fitness Supply,Spartan Sports,2021,7,10730
Treadmill,Titan Fitness Supply,Spartan Sports,2021,8,11592
Treadmill,Titan Fitness Supply,Spartan Sports,2021,9,10898
Treadmill,Titan Fitness Supply,Spartan Sports,2021,10,14800
Treadmill,Titan Fitness Supply,Spartan Sports,2021,11,14204
Treadmill,Titan Fitness Supply,Spartan Sports,2021,12,13551
Treadmill,Titan Fitness Supply,Spartan Sports,2022,1,10311
Treadmill,Titan Fitness Supply,Spartan Sports,2022,2,10519
Treadmill,Titan Fitness Supply,Spartan Sports,2022,3,13398
Treadmill,Titan Fitness Supply,Spartan Sports,2022,4,14897
Treadmill,Titan Fitness Supply,Spartan Sports,2022,5,10898
Treadmill,Titan Fitness Supply,Spartan Sports,2022,6,13349
Treadmill,Titan Fitness Supply,Spartan Sports,2022,7,13901
Treadmill,Titan Fitness Supply,Spartan Sports,2022,8,14704
Treadmill,Titan Fitness Supply,Spartan Sports,2022,9,10892
Treadmill,Titan Fitness Supply,Spartan Sports,2022,10,13133
Treadmill,Titan Fitness Supply,Spartan Sports,2022,11,11161
Treadmill,Titan Fitness Supply,Spartan Sports,2022,12,13131
Treadmill,Titan Fitness Supply,Spartan Sports,2023,1,14583
Treadmill,Titan Fitness Supply,Spartan Sports,2023,2,13173
Treadmill,Titan Fitness Supply,Spartan Sports,2023,3,13136
Treadmill,Titan Fitness Supply,Spartan Sports,2023,4,12776
Treadmill,Titan Fitness Supply,Spartan Sports,2023,5,12637
Treadmill,Titan Fitness Supply,Spartan Sports,2023,6,13781
Treadmill,Titan Fitness Supply,Spartan Sports,2023,7,13614
Treadmill,Titan Fitness Supply,Spartan Sports,2023,8,13697
Treadmill,Titan Fitness Supply,Spartan Sports,2023,9,14127
Treadmill,Titan Fitness Supply,Spartan Sports,2023,10,13780
Treadmill,Titan Fitness Supply,Spartan Sports,2023,11,11857
Treadmill,Titan Fitness Supply,Spartan Sports,2023,12,10656
Treadmill,Titan Fitness Supply,Spartan Sports,2024,1,12623
Treadmill,Titan Fitness Supply,Spartan Sports,2024,2,13876
Treadmill,Titan Fitness Supply,Spartan Sports,2024,3,14028
Treadmill,Titan Fitness Supply,Spartan Sports,2024,4,13002
Treadmill,Titan Fitness Supply,Spartan Sports,2024,5,11048
Treadmill,Iron Stength Equipment Co.,Steel Power,2018,1,14120
Treadmill,Iron Stength Equipment Co.,Steel Power,2018,2,11556
Treadmill,Iron Stength Equipment Co.,Steel Power,2018,3,10288
Treadmill,Iron Stength Equipment Co.,Steel Power,2018,4,11958
Treadmill,Iron Stength Equipment Co.,Steel Power,2018,5,11268
Treadmill,Iron Stength Equipment Co.,Steel Power,2018,6,11803
Treadmill,Iron Stength Equipment Co.,Steel Power,2018,7,13261
Treadmill,Iron Stength Equipment Co.,Steel Power,2018,8,10313
Treadmill,Iron Stength Equipment Co.,Steel Power,2018,9,14080
Treadmill,Iron Stength Equipment Co.,Steel Power,2018,10,12739
Treadmill,Iron Stength Equipment Co.,Steel Power,2018,11,12086
Treadmill,Iron Stength Equipment Co.,Steel Power,2018,12,14549
Treadmill,Iron Stength Equipment Co.,Steel Power,2019,1,10033
Treadmill,Iron Stength Equipment Co.,Steel Power,2019,2,13364
Treadmill,Iron Stength Equipment Co.,Steel Power,2019,3,14681
Treadmill,Iron Stength Equipment Co.,Steel Power,2019,4,12646
Treadmill,Iron Stength Equipment Co.,Steel Power,2019,5,13194
Treadmill,Iron Stength Equipment Co.,Steel Power,2019,6,11130
Treadmill,Iron Stength Equipment Co.,Steel Power,2019,7,13420
Treadmill,Iron Stength Equipment Co.,Steel Power,2019,8,14534
Treadmill,Iron Stength Equipment Co.,Steel Power,2019,9,12373
Treadmill,Iron Stength Equipment Co.,Steel Power,2019,10,12291
Treadmill,Iron Stength Equipment Co.,Steel Power,2019,11,12144
Treadmill,Iron Stength Equipment Co.,Steel Power,2019,12,14384
Treadmill,Iron Stength Equipment Co.,Steel Power,2020,1,13718
Treadmill,Iron Stength Equipment Co.,Steel Power,2020,2,10331
Treadmill,Iron Stength Equipment Co.,Steel Power,2020,3,11280
Treadmill,Iron Stength Equipment Co.,Steel Power,2020,4,13030
Treadmill,Iron Stength Equipment Co.,Steel Power,2020,5,14314
Treadmill,Iron Stength Equipment Co.,Steel Power,2020,6,10261
Treadmill,Iron Stength Equipment Co.,Steel Power,2020,7,14263
Treadmill,Iron Stength Equipment Co.,Steel Power,2020,8,13170
Treadmill,Iron Stength Equipment Co.,Steel Power,2020,9,10584
Treadmill,Iron Stength Equipment Co.,Steel Power,2020,10,12488
Treadmill,Iron Stength Equipment Co.,Steel Power,2020,11,14347
Treadmill,Iron Stength Equipment Co.,Steel Power,2020,12,13855
Treadmill,Iron Stength Equipment Co.,Steel Power,2021,1,12839
Treadmill,Iron Stength Equipment Co.,Steel Power,2021,2,10158
Treadmill,Iron Stength Equipment Co.,Steel Power,2021,3,12943
Treadmill,Iron Stength Equipment Co.,Steel Power,2021,4,14519
Treadmill,Iron Stength Equipment Co.,Steel Power,2021,5,12627
Treadmill,Iron Stength Equipment Co.,Steel Power,2021,6,10807
Treadmill,Iron Stength Equipment Co.,Steel Power,2021,7,12444
Treadmill,Iron Stength Equipment Co.,Steel Power,2021,8,13932
Treadmill,Iron Stength Equipment Co.,Steel Power,2021,9,14145
Treadmill,Iron Stength Equipment Co.,Steel Power,2021,10,14303
Treadmill,Iron Stength Equipment Co.,Steel Power,2021,11,10167
Treadmill,Iron Stength Equipment Co.,Steel Power,2021,12,14713
Treadmill,Iron Stength Equipment Co.,Steel Power,2022,1,12320
Treadmill,Iron Stength Equipment Co.,Steel Power,2022,2,14809
Treadmill,Iron Stength Equipment Co.,Steel Power,2022,3,14201
Treadmill,Iron Stength Equipment Co.,Steel Power,2022,4,14656
Treadmill,Iron Stength Equipment Co.,Steel Power,2022,5,13516
Treadmill,Iron Stength Equipment Co.,Steel Power,2022,6,11112
Treadmill,Iron Stength Equipment Co.,Steel Power,2022,7,14591
Treadmill,Iron Stength Equipment Co.,Steel Power,2022,8,12165
Treadmill,Iron Stength Equipment Co.,Steel Power,2022,9,14320
Treadmill,Iron Stength Equipment Co.,Steel Power,2022,10,11003
Treadmill,Iron Stength Equipment Co.,Steel Power,2022,11,14783
Treadmill,Iron Stength Equipment Co.,Steel Power,2022,12,12191
Treadmill,Iron Stength Equipment Co.,Steel Power,2023,1,10972
Treadmill,Iron Stength Equipment Co.,Steel Power,2023,2,11821
Treadmill,Iron Stength Equipment Co.,Steel Power,2023,3,12261
Treadmill,Iron Stength Equipment Co.,Steel Power,2023,4,13676
Treadmill,Iron Stength Equipment Co.,Steel Power,2023,5,14720
Treadmill,Iron Stength Equipment Co.,Steel Power,2023,6,12243
Treadmill,Iron Stength Equipment Co.,Steel Power,2023,7,10094
Treadmill,Iron Stength Equipment Co.,Steel Power,2023,8,12324
Treadmill,Iron Stength Equipment Co.,Steel Power,2023,9,13777
Treadmill,Iron Stength Equipment Co.,Steel Power,2023,10,10830
Treadmill,Iron Stength Equipment Co.,Steel Power,2023,11,11740
Treadmill,Iron Stength Equipment Co.,Steel Power,2023,12,13535
Treadmill,Iron Stength Equipment Co.,Steel Power,2024,1,13357
Treadmill,Iron Stength Equipment Co.,Steel Power,2024,2,10797
Treadmill,Iron Stength Equipment Co.,Steel Power,2024,3,12803
Treadmill,Iron Stength Equipment Co.,Steel Power,2024,4,10368
Treadmill,Iron Stength Equipment Co.,Steel Power,2024,5,12502
Rowing Machine,Iron Stength Equipment Co.,Forge Fitness,2018,1,12534
Rowing Machine,Iron Stength Equipment Co.,Forge Fitness,2018,2,14734
Rowing Machine,Iron Stength Equipment Co.,Forge Fitness,2018,3,11287
Rowing Machine,Iron Stength Equipment Co.,Forge Fitness,2018,4,11808
Rowing Machine,Iron Stength Equipment Co.,Forge Fitness,2018,5,12029
Rowing Machine,Iron Stength Equipment Co.,Forge Fitness,2018,6,14943
Rowing Machine,Iron Stength Equipment Co.,Forge Fitness,2018,7,14846
Rowing Machine,Iron Stength Equipment Co.,Forge Fitness,2018,8,14353
Rowing Machine,Iron Stength Equipment Co.,Forge Fitness,2018,9,13209
Rowing Machine,Iron Stength Equipment Co.,Forge Fitness,2018,10,10703
Rowing Machine,Iron Stength Equipment Co.,Forge Fitness,2018,11,14133
Rowing Machine,Iron Stength Equipment Co.,Forge Fitness,2018,12,10796
Rowing Machine,Iron Stength Equipment Co.,Forge Fitness,2019,1,12584
Rowing Machine,Iron Stength Equipment Co.,Forge Fitness,2019,2,12438
Rowing Machine,Iron Stength Equipment Co.,Forge Fitness,2019,3,11402
Rowing Machine,Iron Stength Equipment Co.,Forge Fitness,2019,4,12274
Rowing Machine,Iron Stength Equipment Co.,Forge Fitness,2019,5,12915
Rowing Machine,Iron Stength Equipment Co.,Forge Fitness,2019,6,12943
Rowing Machine,Iron Stength Equipment Co.,Forge Fitness,2019,7,11920
Rowing Machine,Iron Stength Equipment Co.,Forge Fitness,2019,8,13397
Rowing Machine,Iron Stength Equipment Co.,Forge Fitness,2019,9,14936
Rowing Machine,Iron Stength Equipment Co.,Forge Fitness,2019,10,12069
Rowing Machine,Iron Stength Equipment Co.,Forge Fitness,2019,11,11040
Rowing Machine,Iron Stength Equipment Co.,Forge Fitness,2019,12,12533
Rowing Machine,Iron Stength Equipment Co.,Forge Fitness,2020,1,10609
Rowing Machine,Iron Stength Equipment Co.,Forge Fitness,2020,2,13786
Rowing Machine,Iron Stength Equipment Co.,Forge Fitness,2020,3,11662
Rowing Machine,Iron Stength Equipment Co.,Forge Fitness,2020,4,14736
Rowing Machine,Iron Stength Equipment Co.,Forge Fitness,2020,5,14345
Rowing Machine,Iron Stength Equipment Co.,Forge Fitness,2020,6,14046
Rowing Machine,Iron Stength Equipment Co.,Forge Fitness,2020,7,10188
Rowing Machine,Iron Stength Equipment Co.,Forge Fitness,2020,8,14602
Rowing Machine,Iron Stength Equipment Co.,Forge Fitness,2020,9,13783
Rowing Machine,Iron Stength Equipment Co.,Forge Fitness,2020,10,14815
Rowing Machine,Iron Stength Equipment Co.,Forge Fitness,2020,11,13571
Rowing Machine,Iron Stength Equipment Co.,Forge Fitness,2020,12,11949
Rowing Machine,Iron Stength Equipment Co.,Forge Fitness,2021,1,11080
Rowing Machine,Iron Stength Equipment Co.,Forge Fitness,2021,2,11631
Rowing Machine,Iron Stength Equipment Co.,Forge Fitness,2021,3,11216
Rowing Machine,Iron Stength Equipment Co.,Forge Fitness,2021,4,14437
Rowing Machine,Iron Stength Equipment Co.,Forge Fitness,2021,5,12138
Rowing Machine,Iron Stength Equipment Co.,Forge Fitness,2021,6,13822
Rowing Machine,Iron Stength Equipment Co.,Forge Fitness,2021,7,13691
Rowing Machine,Iron Stength Equipment Co.,Forge Fitness,2021,8,12763
Rowing Machine,Iron Stength Equipment Co.,Forge Fitness,2021,9,13506
Rowing Machine,Iron Stength Equipment Co.,Forge Fitness,2021,10,12642
Rowing Machine,Iron Stength Equipment Co.,Forge Fitness,2021,11,11521
Rowing Machine,Iron Stength Equipment Co.,Forge Fitness,2021,12,11778
Rowing Machine,Iron Stength Equipment Co.,Forge Fitness,2022,1,14519
Rowing Machine,Iron Stength Equipment Co.,Forge Fitness,2022,2,11857
Rowing Machine,Iron Stength Equipment Co.,Forge Fitness,2022,3,14054
Rowing Machine,Iron Stength Equipment Co.,Forge Fitness,2022,4,11464
Rowing Machine,Iron Stength Equipment Co.,Forge Fitness,2022,5,14066
Rowing Machine,Iron Stength Equipment Co.,Forge Fitness,2022,6,10009
Rowing Machine,Iron Stength Equipment Co.,Forge Fitness,2022,7,14767
Rowing Machine,Iron Stength Equipment Co.,Forge Fitness,2022,8,14347
Rowing Machine,Iron Stength Equipment Co.,Forge Fitness,2022,9,13824
Rowing Machine,Iron Stength Equipment Co.,Forge Fitness,2022,10,12732
Rowing Machine,Iron Stength Equipment Co.,Forge Fitness,2022,11,11527
Rowing Machine,Iron Stength Equipment Co.,Forge Fitness,2022,12,10153
Rowing Machine,Iron Stength Equipment Co.,Forge Fitness,2023,1,12757
Rowing Machine,Iron Stength Equipment Co.,Forge Fitness,2023,2,11791
Rowing Machine,Iron Stength Equipment Co.,Forge Fitness,2023,3,13094
Rowing Machine,Iron Stength Equipment Co.,Forge Fitness,2023,4,14127
Rowing Machine,Iron Stength Equipment Co.,Forge Fitness,2023,5,11881
Rowing Machine,Iron Stength Equipment Co.,Forge Fitness,2023,6,10949
Rowing Machine,Iron Stength Equipment Co.,Forge Fitness,2023,7,10144
Rowing Machine,Iron Stength Equipment Co.,Forge Fitness,2023,8,13551
Rowing Machine,Iron Stength Equipment Co.,Forge Fitness,2023,9,12954
Rowing Machine,Iron Stength Equipment Co.,Forge Fitness,2023,10,12958
Rowing Machine,Iron Stength Equipment Co.,Forge Fitness,2023,11,11448
Rowing Machine,Iron Stength Equipment Co.,Forge Fitness,2023,12,14985
Rowing Machine,Iron Stength Equipment Co.,Forge Fitness,2024,1,13646
Rowing Machine,Iron Stength Equipment Co.,Forge Fitness,2024,2,12726
Rowing Machine,Iron Stength Equipment Co.,Forge Fitness,2024,3,10637
Rowing Machine,Iron Stength Equipment Co.,Forge Fitness,2024,4,14751
Rowing Machine,Iron Stength Equipment Co.,Forge Fitness,2024,5,11819
Rowing Machine,Iron Stength Equipment Co.,Ironclad Athletics,2018,1,13378
Rowing Machine,Iron Stength Equipment Co.,Ironclad Athletics,2018,2,14628
Rowing Machine,Iron Stength Equipment Co.,Ironclad Athletics,2018,3,11689
Rowing Machine,Iron Stength Equipment Co.,Ironclad Athletics,2018,4,14827
Rowing Machine,Iron Stength Equipment Co.,Ironclad Athletics,2018,5,11276
Rowing Machine,Iron Stength Equipment Co.,Ironclad Athletics,2018,6,10328
Rowing Machine,Iron Stength Equipment Co.,Ironclad Athletics,2018,7,11639
Rowing Machine,Iron Stength Equipment Co.,Ironclad Athletics,2018,8,12983
Rowing Machine,Iron Stength Equipment Co.,Ironclad Athletics,2018,9,13121
Rowing Machine,Iron Stength Equipment Co.,Ironclad Athletics,2018,10,14857
Rowing Machine,Iron Stength Equipment Co.,Ironclad Athletics,2018,11,13200
Rowing Machine,Iron Stength Equipment Co.,Ironclad Athletics,2018,12,10489
Rowing Machine,Iron Stength Equipment Co.,Ironclad Athletics,2019,1,11102
Rowing Machine,Iron Stength Equipment Co.,Ironclad Athletics,2019,2,12790
Rowing Machine,Iron Stength Equipment Co.,Ironclad Athletics,2019,3,13445
Rowing Machine,Iron Stength Equipment Co.,Ironclad Athletics,2019,4,12823
Rowing Machine,Iron Stength Equipment Co.,Ironclad Athletics,2019,5,10254
Rowing Machine,Iron Stength Equipment Co.,Ironclad Athletics,2019,6,11787
Rowing Machine,Iron Stength Equipment Co.,Ironclad Athletics,2019,7,11134
Rowing Machine,Iron Stength Equipment Co.,Ironclad Athletics,2019,8,14082
Rowing Machine,Iron Stength Equipment Co.,Ironclad Athletics,2019,9,14175
Rowing Machine,Iron Stength Equipment Co.,Ironclad Athletics,2019,10,13419
Rowing Machine,Iron Stength Equipment Co.,Ironclad Athletics,2019,11,10981
Rowing Machine,Iron Stength Equipment Co.,Ironclad Athletics,2019,12,12786
Rowing Machine,Iron Stength Equipment Co.,Ironclad Athletics,2020,1,11132
Rowing Machine,Iron Stength Equipment Co.,Ironclad Athletics,2020,2,12799
Rowing Machine,Iron Stength Equipment Co.,Ironclad Athletics,2020,3,10907
Rowing Machine,Iron Stength Equipment Co.,Ironclad Athletics,2020,4,13044
Rowing Machine,Iron Stength Equipment Co.,Ironclad Athletics,2020,5,11193
Rowing Machine,Iron Stength Equipment Co.,Ironclad Athletics,2020,6,11931
Rowing Machine,Iron Stength Equipment Co.,Ironclad Athletics,2020,7,11496
Rowing Machine,Iron Stength Equipment Co.,Ironclad Athletics,2020,8,12219
Rowing Machine,Iron Stength Equipment Co.,Ironclad Athletics,2020,9,12720
Rowing Machine,Iron Stength Equipment Co.,Ironclad Athletics,2020,10,12950
Rowing Machine,Iron Stength Equipment Co.,Ironclad Athletics,2020,11,11014
Rowing Machine,Iron Stength Equipment Co.,Ironclad Athletics,2020,12,13472
Rowing Machine,Iron Stength Equipment Co.,Ironclad Athletics,2021,1,13850
Rowing Machine,Iron Stength Equipment Co.,Ironclad Athletics,2021,2,12612
Rowing Machine,Iron Stength Equipment Co.,Ironclad Athletics,2021,3,14041
Rowing Machine,Iron Stength Equipment Co.,Ironclad Athletics,2021,4,10939
Rowing Machine,Iron Stength Equipment Co.,Ironclad Athletics,2021,5,14493
Rowing Machine,Iron Stength Equipment Co.,Ironclad Athletics,2021,6,10850
Rowing Machine,Iron Stength Equipment Co.,Ironclad Athletics,2021,7,12106
Rowing Machine,Iron Stength Equipment Co.,Ironclad Athletics,2021,8,13867
Rowing Machine,Iron Stength Equipment Co.,Ironclad Athletics,2021,9,12824
Rowing Machine,Iron Stength Equipment Co.,Ironclad Athletics,2021,10,11257
Rowing Machine,Iron Stength Equipment Co.,Ironclad Athletics,2021,11,13274
Rowing Machine,Iron Stength Equipment Co.,Ironclad Athletics,2021,12,14779
Rowing Machine,Iron Stength Equipment Co.,Ironclad Athletics,2022,1,11165
Rowing Machine,Iron Stength Equipment Co.,Ironclad Athletics,2022,2,12307
Rowing Machine,Iron Stength Equipment Co.,Ironclad Athletics,2022,3,11266
Rowing Machine,Iron Stength Equipment Co.,Ironclad Athletics,2022,4,10860
Rowing Machine,Iron Stength Equipment Co.,Ironclad Athletics,2022,5,10444
Rowing Machine,Iron Stength Equipment Co.,Ironclad Athletics,2022,6,14530
Rowing Machine,Iron Stength Equipment Co.,Ironclad Athletics,2022,7,12453
Rowing Machine,Iron Stength Equipment Co.,Ironclad Athletics,2022,8,11656
Rowing Machine,Iron Stength Equipment Co.,Ironclad Athletics,2022,9,10994
Rowing Machine,Iron Stength Equipment Co.,Ironclad Athletics,2022,10,11214
Rowing Machine,Iron Stength Equipment Co.,Ironclad Athletics,2022,11,11544
Rowing Machine,Iron Stength Equipment Co.,Ironclad Athletics,2022,12,14536
Rowing Machine,Iron Stength Equipment Co.,Ironclad Athletics,2023,1,11189
Rowing Machine,Iron Stength Equipment Co.,Ironclad Athletics,2023,2,13029
Rowing Machine,Iron Stength Equipment Co.,Ironclad Athletics,2023,3,11731
Rowing Machine,Iron Stength Equipment Co.,Ironclad Athletics,2023,4,13512
Rowing Machine,Iron Stength Equipment Co.,Ironclad Athletics,2023,5,11533
Rowing Machine,Iron Stength Equipment Co.,Ironclad Athletics,2023,6,12053
Rowing Machine,Iron Stength Equipment Co.,Ironclad Athletics,2023,7,11379
Rowing Machine,Iron Stength Equipment Co.,Ironclad Athletics,2023,8,14822
Rowing Machine,Iron Stength Equipment Co.,Ironclad Athletics,2023,9,10410
Rowing Machine,Iron Stength Equipment Co.,Ironclad Athletics,2023,10,10193
Rowing Machine,Iron Stength Equipment Co.,Ironclad Athletics,2023,11,12425
Rowing Machine,Iron Stength Equipment Co.,Ironclad Athletics,2023,12,10926
Rowing Machine,Iron Stength Equipment Co.,Ironclad Athletics,2024,1,12971
Rowing Machine,Iron Stength Equipment Co.,Ironclad Athletics,2024,2,12058
Rowing Machine,Iron Stength Equipment Co.,Ironclad Athletics,2024,3,13465
Rowing Machine,Iron Stength Equipment Co.,Ironclad Athletics,2024,4,11513
Rowing Machine,Iron Stength Equipment Co.,Ironclad Athletics,2024,5,12052
Rowing Machine,Peak Performance Gear,Elevate Fitness,2018,1,13980
Rowing Machine,Peak Performance Gear,Elevate Fitness,2018,2,11082
Rowing Machine,Peak Performance Gear,Elevate Fitness,2018,3,12035
Rowing Machine,Peak Performance Gear,Elevate Fitness,2018,4,12587
Rowing Machine,Peak Performance Gear,Elevate Fitness,2018,5,11274
Rowing Machine,Peak Performance Gear,Elevate Fitness,2018,6,14698
Rowing Machine,Peak Performance Gear,Elevate Fitness,2018,7,11257
Rowing Machine,Peak Performance Gear,Elevate Fitness,2018,8,12864
Rowing Machine,Peak Performance Gear,Elevate Fitness,2018,9,14923
Rowing Machine,Peak Performance Gear,Elevate Fitness,2018,10,14001
Rowing Machine,Peak Performance Gear,Elevate Fitness,2018,11,10498
Rowing Machine,Peak Performance Gear,Elevate Fitness,2018,12,10311
Rowing Machine,Peak Performance Gear,Elevate Fitness,2019,1,12182
Rowing Machine,Peak Performance Gear,Elevate Fitness,2019,2,10618
Rowing Machine,Peak Performance Gear,Elevate Fitness,2019,3,14725
Rowing Machine,Peak Performance Gear,Elevate Fitness,2019,4,10542
Rowing Machine,Peak Performance Gear,Elevate Fitness,2019,5,11520
Rowing Machine,Peak Performance Gear,Elevate Fitness,2019,6,10930
Rowing Machine,Peak Performance Gear,Elevate Fitness,2019,7,12221
Rowing Machine,Peak Performance Gear,Elevate Fitness,2019,8,13897
Rowing Machine,Peak Performance Gear,Elevate Fitness,2019,9,10063
Rowing Machine,Peak Performance Gear,Elevate Fitness,2019,10,13586
Rowing Machine,Peak Performance Gear,Elevate Fitness,2019,11,11016
Rowing Machine,Peak Performance Gear,Elevate Fitness,2019,12,13804
Rowing Machine,Peak Performance Gear,Elevate Fitness,2020,1,12825
Rowing Machine,Peak Performance Gear,Elevate Fitness,2020,2,12155
Rowing Machine,Peak Performance Gear,Elevate Fitness,2020,3,11693
Rowing Machine,Peak Performance Gear,Elevate Fitness,2020,4,12363
Rowing Machine,Peak Performance Gear,Elevate Fitness,2020,5,13374
Rowing Machine,Peak Performance Gear,Elevate Fitness,2020,6,10426
Rowing Machine,Peak Performance Gear,Elevate Fitness,2020,7,10534
Rowing Machine,Peak Performance Gear,Elevate Fitness,2020,8,14092
Rowing Machine,Peak Performance Gear,Elevate Fitness,2020,9,14049
Rowing Machine,Peak Performance Gear,Elevate Fitness,2020,10,14144
Rowing Machine,Peak Performance Gear,Elevate Fitness,2020,11,10747
Rowing Machine,Peak Performance Gear,Elevate Fitness,2020,12,14865
Rowing Machine,Peak Performance Gear,Elevate Fitness,2021,1,13912
Rowing Machine,Peak Performance Gear,Elevate Fitness,2021,2,12948
Rowing Machine,Peak Performance Gear,Elevate Fitness,2021,3,11512
Rowing Machine,Peak Performance Gear,Elevate Fitness,2021,4,11121
Rowing Machine,Peak Performance Gear,Elevate Fitness,2021,5,13691
Rowing Machine,Peak Performance Gear,Elevate Fitness,2021,6,13568
Rowing Machine,Peak Performance Gear,Elevate Fitness,2021,7,14430
Rowing Machine,Peak Performance Gear,Elevate Fitness,2021,8,10452
Rowing Machine,Peak Performance Gear,Elevate Fitness,2021,9,13766
Rowing Machine,Peak Performance Gear,Elevate Fitness,2021,10,12706
Rowing Machine,Peak Performance Gear,Elevate Fitness,2021,11,11614
Rowing Machine,Peak Performance Gear,Elevate Fitness,2021,12,14954
Rowing Machine,Peak Performance Gear,Elevate Fitness,2022,1,12426
Rowing Machine,Peak Performance Gear,Elevate Fitness,2022,2,14836
Rowing Machine,Peak Performance Gear,Elevate Fitness,2022,3,12965
Rowing Machine,Peak Performance Gear,Elevate Fitness,2022,4,11386
Rowing Machine,Peak Performance Gear,Elevate Fitness,2022,5,12559
Rowing Machine,Peak Performance Gear,Elevate Fitness,2022,6,14132
Rowing Machine,Peak Performance Gear,Elevate Fitness,2022,7,10766
Rowing Machine,Peak Performance Gear,Elevate Fitness,2022,8,10318
Rowing Machine,Peak Performance Gear,Elevate Fitness,2022,9,11651
Rowing Machine,Peak Performance Gear,Elevate Fitness,2022,10,13037
Rowing Machine,Peak Performance Gear,Elevate Fitness,2022,11,12612
Rowing Machine,Peak Performance Gear,Elevate Fitness,2022,12,12887
Rowing Machine,Peak Performance Gear,Elevate Fitness,2023,1,12752
Rowing Machine,Peak Performance Gear,Elevate Fitness,2023,2,14842
Rowing Machine,Peak Performance Gear,Elevate Fitness,2023,3,14831
Rowing Machine,Peak Performance Gear,Elevate Fitness,2023,4,13130
Rowing Machine,Peak Performance Gear,Elevate Fitness,2023,5,11793
Rowing Machine,Peak Performance Gear,Elevate Fitness,2023,6,12215
Rowing Machine,Peak Performance Gear,Elevate Fitness,2023,7,11864
Rowing Machine,Peak Performance Gear,Elevate Fitness,2023,8,13971
Rowing Machine,Peak Performance Gear,Elevate Fitness,2023,9,12141
Rowing Machine,Peak Performance Gear,Elevate Fitness,2023,10,14171
Rowing Machine,Peak Performance Gear,Elevate Fitness,2023,11,12679
Rowing Machine,Peak Performance Gear,Elevate Fitness,2023,12,11653
Rowing Machine,Peak Performance Gear,Elevate Fitness,2024,1,13508
Rowing Machine,Peak Performance Gear,Elevate Fitness,2024,2,13247
Rowing Machine,Peak Performance Gear,Elevate Fitness,2024,3,13674
Rowing Machine,Peak Performance Gear,Elevate Fitness,2024,4,13240
Rowing Machine,Peak Performance Gear,Elevate Fitness,2024,5,13859
Rowing Machine,Titan Fitness Supply,Titan Training,2018,1,10535
Rowing Machine,Titan Fitness Supply,Titan Training,2018,2,13545
Rowing Machine,Titan Fitness Supply,Titan Training,2018,3,14337
Rowing Machine,Titan Fitness Supply,Titan Training,2018,4,14456
Rowing Machine,Titan Fitness Supply,Titan Training,2018,5,12398
Rowing Machine,Titan Fitness Supply,Titan Training,2018,6,13921
Rowing Machine,Titan Fitness Supply,Titan Training,2018,7,13941
Rowing Machine,Titan Fitness Supply,Titan Training,2018,8,12039
Rowing Machine,Titan Fitness Supply,Titan Training,2018,9,13712
Rowing Machine,Titan Fitness Supply,Titan Training,2018,10,12510
Rowing Machine,Titan Fitness Supply,Titan Training,2018,11,12768
Rowing Machine,Titan Fitness Supply,Titan Training,2018,12,10403
Rowing Machine,Titan Fitness Supply,Titan Training,2019,1,14181
Rowing Machine,Titan Fitness Supply,Titan Training,2019,2,13495
Rowing Machine,Titan Fitness Supply,Titan Training,2019,3,13668
Rowing Machine,Titan Fitness Supply,Titan Training,2019,4,11905
Rowing Machine,Titan Fitness Supply,Titan Training,2019,5,13095
Rowing Machine,Titan Fitness Supply,Titan Training,2019,6,13021
Rowing Machine,Titan Fitness Supply,Titan Training,2019,7,12547
Rowing Machine,Titan Fitness Supply,Titan Training,2019,8,10858
Rowing Machine,Titan Fitness Supply,Titan Training,2019,9,10223
Rowing Machine,Titan Fitness Supply,Titan Training,2019,10,12398
Rowing Machine,Titan Fitness Supply,Titan Training,2019,11,12937
Rowing Machine,Titan Fitness Supply,Titan Training,2019,12,12119
Rowing Machine,Titan Fitness Supply,Titan Training,2020,1,12685
Rowing Machine,Titan Fitness Supply,Titan Training,2020,2,14537
Rowing Machine,Titan Fitness Supply,Titan Training,2020,3,13035
Rowing Machine,Titan Fitness Supply,Titan Training,2020,4,13646
Rowing Machine,Titan Fitness Supply,Titan Training,2020,5,13083
Rowing Machine,Titan Fitness Supply,Titan Training,2020,6,14641
Rowing Machine,Titan Fitness Supply,Titan Training,2020,7,10768
Rowing Machine,Titan Fitness Supply,Titan Training,2020,8,14541
Rowing Machine,Titan Fitness Supply,Titan Training,2020,9,14060
Rowing Machine,Titan Fitness Supply,Titan Training,2020,10,13514
Rowing Machine,Titan Fitness Supply,Titan Training,2020,11,14064
Rowing Machine,Titan Fitness Supply,Titan Training,2020,12,10119
Rowing Machine,Titan Fitness Supply,Titan Training,2021,1,13130
Rowing Machine,Titan Fitness Supply,Titan Training,2021,2,14987
Rowing Machine,Titan Fitness Supply,Titan Training,2021,3,11554
Rowing Machine,Titan Fitness Supply,Titan Training,2021,4,14026
Rowing Machine,Titan Fitness Supply,Titan Training,2021,5,13138
Rowing Machine,Titan Fitness Supply,Titan Training,2021,6,14016
Rowing Machine,Titan Fitness Supply,Titan Training,2021,7,11996
Rowing Machine,Titan Fitness Supply,Titan Training,2021,8,14415
Rowing Machine,Titan Fitness Supply,Titan Training,2021,9,10475
Rowing Machine,Titan Fitness Supply,Titan Training,2021,10,12147
Rowing Machine,Titan Fitness Supply,Titan Training,2021,11,10939
Rowing Machine,Titan Fitness Supply,Titan Training,2021,12,14078
Rowing Machine,Titan Fitness Supply,Titan Training,2022,1,13999
Rowing Machine,Titan Fitness Supply,Titan Training,2022,2,14417
Rowing Machine,Titan Fitness Supply,Titan Training,2022,3,13216
Rowing Machine,Titan Fitness Supply,Titan Training,2022,4,10418
Rowing Machine,Titan Fitness Supply,Titan Training,2022,5,10453
Rowing Machine,Titan Fitness Supply,Titan Training,2022,6,10184
Rowing Machine,Titan Fitness Supply,Titan Training,2022,7,13445
Rowing Machine,Titan Fitness Supply,Titan Training,2022,8,13575
Rowing Machine,Titan Fitness Supply,Titan Training,2022,9,10873
Rowing Machine,Titan Fitness Supply,Titan Training,2022,10,11409
Rowing Machine,Titan Fitness Supply,Titan Training,2022,11,12085
Rowing Machine,Titan Fitness Supply,Titan Training,2022,12,12671
Rowing Machine,Titan Fitness Supply,Titan Training,2023,1,10312
Rowing Machine,Titan Fitness Supply,Titan Training,2023,2,13856
Rowing Machine,Titan Fitness Supply,Titan Training,2023,3,14904
Rowing Machine,Titan Fitness Supply,Titan Training,2023,4,12001
Rowing Machine,Titan Fitness Supply,Titan Training,2023,5,14147
Rowing Machine,Titan Fitness Supply,Titan Training,2023,6,13430
Rowing Machine,Titan Fitness Supply,Titan Training,2023,7,10968
Rowing Machine,Titan Fitness Supply,Titan Training,2023,8,11503
Rowing Machine,Titan Fitness Supply,Titan Training,2023,9,10701
Rowing Machine,Titan Fitness Supply,Titan Training,2023,10,11078
Rowing Machine,Titan Fitness Supply,Titan Training,2023,11,12560
Rowing Machine,Titan Fitness Supply,Titan Training,2023,12,12996
Rowing Machine,Titan Fitness Supply,Titan Training,2024,1,12336
Rowing Machine,Titan Fitness Supply,Titan Training,2024,2,14613
Rowing Machine,Titan Fitness Supply,Titan Training,2024,3,10089
Rowing Machine,Titan Fitness Supply,Titan Training,2024,4,12760
Rowing Machine,Titan Fitness Supply,Titan Training,2024,5,10344
Rowing Machine,Iron Stength Equipment Co.,Steel Power,2018,1,11426
Rowing Machine,Iron Stength Equipment Co.,Steel Power,2018,2,14752
Rowing Machine,Iron Stength Equipment Co.,Steel Power,2018,3,12429
Rowing Machine,Iron Stength Equipment Co.,Steel Power,2018,4,14364
Rowing Machine,Iron Stength Equipment Co.,Steel Power,2018,5,11581
Rowing Machine,Iron Stength Equipment Co.,Steel Power,2018,6,12847
Rowing Machine,Iron Stength Equipment Co.,Steel Power,2018,7,10781
Rowing Machine,Iron Stength Equipment Co.,Steel Power,2018,8,11710
Rowing Machine,Iron Stength Equipment Co.,Steel Power,2018,9,12131
Rowing Machine,Iron Stength Equipment Co.,Steel Power,2018,10,10514
Rowing Machine,Iron Stength Equipment Co.,Steel Power,2018,11,14983
Rowing Machine,Iron Stength Equipment Co.,Steel Power,2018,12,14321
Rowing Machine,Iron Stength Equipment Co.,Steel Power,2019,1,14069
Rowing Machine,Iron Stength Equipment Co.,Steel Power,2019,2,13781
Rowing Machine,Iron Stength Equipment Co.,Steel Power,2019,3,13034
Rowing Machine,Iron Stength Equipment Co.,Steel Power,2019,4,10674
Rowing Machine,Iron Stength Equipment Co.,Steel Power,2019,5,10568
Rowing Machine,Iron Stength Equipment Co.,Steel Power,2019,6,11107
Rowing Machine,Iron Stength Equipment Co.,Steel Power,2019,7,12389
Rowing Machine,Iron Stength Equipment Co.,Steel Power,2019,8,14096
Rowing Machine,Iron Stength Equipment Co.,Steel Power,2019,9,10990
Rowing Machine,Iron Stength Equipment Co.,Steel Power,2019,10,14492
Rowing Machine,Iron Stength Equipment Co.,Steel Power,2019,11,11079
Rowing Machine,Iron Stength Equipment Co.,Steel Power,2019,12,11626
Rowing Machine,Iron Stength Equipment Co.,Steel Power,2020,1,10303
Rowing Machine,Iron Stength Equipment Co.,Steel Power,2020,2,11845
Rowing Machine,Iron Stength Equipment Co.,Steel Power,2020,3,12072
Rowing Machine,Iron Stength Equipment Co.,Steel Power,2020,4,10500
Rowing Machine,Iron Stength Equipment Co.,Steel Power,2020,5,13831
Rowing Machine,Iron Stength Equipment Co.,Steel Power,2020,6,10477
Rowing Machine,Iron Stength Equipment Co.,Steel Power,2020,7,11103
Rowing Machine,Iron Stength Equipment Co.,Steel Power,2020,8,14439
Rowing Machine,Iron Stength Equipment Co.,Steel Power,2020,9,12296
Rowing Machine,Iron Stength Equipment Co.,Steel Power,2020,10,11477
Rowing Machine,Iron Stength Equipment Co.,Steel Power,2020,11,13603
Rowing Machine,Iron Stength Equipment Co.,Steel Power,2020,12,14440
Rowing Machine,Iron Stength Equipment Co.,Steel Power,2021,1,10760
Rowing Machine,Iron Stength Equipment Co.,Steel Power,2021,2,11959
Rowing Machine,Iron Stength Equipment Co.,Steel Power,2021,3,10658
Rowing Machine,Iron Stength Equipment Co.,Steel Power,2021,4,12385
Rowing Machine,Iron Stength Equipment Co.,Steel Power,2021,5,13359
Rowing Machine,Iron Stength Equipment Co.,Steel Power,2021,6,10545
Rowing Machine,Iron Stength Equipment Co.,Steel Power,2021,7,13831
Rowing Machine,Iron Stength Equipment Co.,Steel Power,2021,8,11516
Rowing Machine,Iron Stength Equipment Co.,Steel Power,2021,9,13562
Rowing Machine,Iron Stength Equipment Co.,Steel Power,2021,10,13777
Rowing Machine,Iron Stength Equipment Co.,Steel Power,2021,11,11439
Rowing Machine,Iron Stength Equipment Co.,Steel Power,2021,12,12279
Rowing Machine,Iron Stength Equipment Co.,Steel Power,2022,1,14303
Rowing Machine,Iron Stength Equipment Co.,Steel Power,2022,2,11843
Rowing Machine,Iron Stength Equipment Co.,Steel Power,2022,3,13859
Rowing Machine,Iron Stength Equipment Co.,Steel Power,2022,4,11340
Rowing Machine,Iron Stength Equipment Co.,Steel Power,2022,5,13663
Rowing Machine,Iron Stength Equipment Co.,Steel Power,2022,6,10654
Rowing Machine,Iron Stength Equipment Co.,Steel Power,2022,7,12448
Rowing Machine,Iron Stength Equipment Co.,Steel Power,2022,8,14130
Rowing Machine,Iron Stength Equipment Co.,Steel Power,2022,9,13687
Rowing Machine,Iron Stength Equipment Co.,Steel Power,2022,10,11281
Rowing Machine,Iron Stength Equipment Co.,Steel Power,2022,11,14362
Rowing Machine,Iron Stength Equipment Co.,Steel Power,2022,12,10611
Rowing Machine,Iron Stength Equipment Co.,Steel Power,2023,1,10034
Rowing Machine,Iron Stength Equipment Co.,Steel Power,2023,2,11431
Rowing Machine,Iron Stength Equipment Co.,Steel Power,2023,3,10867
Rowing Machine,Iron Stength Equipment Co.,Steel Power,2023,4,14691
Rowing Machine,Iron Stength Equipment Co.,Steel Power,2023,5,10120
Rowing Machine,Iron Stength Equipment Co.,Steel Power,2023,6,11749
Rowing Machine,Iron Stength Equipment Co.,Steel Power,2023,7,13139
Rowing Machine,Iron Stength Equipment Co.,Steel Power,2023,8,13658
Rowing Machine,Iron Stength Equipment Co.,Steel Power,2023,9,13647
Rowing Machine,Iron Stength Equipment Co.,Steel Power,2023,10,11699
Rowing Machine,Iron Stength Equipment Co.,Steel Power,2023,11,14289
Rowing Machine,Iron Stength Equipment Co.,Steel Power,2023,12,14239
Rowing Machine,Iron Stength Equipment Co.,Steel Power,2024,1,12505
Rowing Machine,Iron Stength Equipment Co.,Steel Power,2024,2,12001
Rowing Machine,Iron Stength Equipment Co.,Steel Power,2024,3,13424
Rowing Machine,Iron Stength Equipment Co.,Steel Power,2024,4,14897
Rowing Machine,Iron Stength Equipment Co.,Steel Power,2024,5,13726
Airbike,Peak Performance Gear,Apex Athletics,2018,1,14333
Airbike,Peak Performance Gear,Apex Athletics,2018,2,10136
Airbike,Peak Performance Gear,Apex Athletics,2018,3,12286
Airbike,Peak Performance Gear,Apex Athletics,2018,4,13502
Airbike,Peak Performance Gear,Apex Athletics,2018,5,14252
Airbike,Peak Performance Gear,Apex Athletics,2018,6,12398
Airbike,Peak Performance Gear,Apex Athletics,2018,7,14559
Airbike,Peak Performance Gear,Apex Athletics,2018,8,11956
Airbike,Peak Performance Gear,Apex Athletics,2018,9,10928
Airbike,Peak Performance Gear,Apex Athletics,2018,10,13743
Airbike,Peak Performance Gear,Apex Athletics,2018,11,12966
Airbike,Peak Performance Gear,Apex Athletics,2018,12,13546
Airbike,Peak Performance Gear,Apex Athletics,2019,1,12471
Airbike,Peak Performance Gear,Apex Athletics,2019,2,14293
Airbike,Peak Performance Gear,Apex Athletics,2019,3,11053
Airbike,Peak Performance Gear,Apex Athletics,2019,4,12166
Airbike,Peak Performance Gear,Apex Athletics,2019,5,14618
Airbike,Peak Performance Gear,Apex Athletics,2019,6,10308
Airbike,Peak Performance Gear,Apex Athletics,2019,7,12629
Airbike,Peak Performance Gear,Apex Athletics,2019,8,11832
Airbike,Peak Performance Gear,Apex Athletics,2019,9,14915
Airbike,Peak Performance Gear,Apex Athletics,2019,10,11709
Airbike,Peak Performance Gear,Apex Athletics,2019,11,14006
Airbike,Peak Performance Gear,Apex Athletics,2019,12,14167
Airbike,Peak Performance Gear,Apex Athletics,2020,1,11392
Airbike,Peak Performance Gear,Apex Athletics,2020,2,11801
Airbike,Peak Performance Gear,Apex Athletics,2020,3,13323
Airbike,Peak Performance Gear,Apex Athletics,2020,4,12648
Airbike,Peak Performance Gear,Apex Athletics,2020,5,12397
Airbike,Peak Performance Gear,Apex Athletics,2020,6,10234
Airbike,Peak Performance Gear,Apex Athletics,2020,7,11594
Airbike,Peak Performance Gear,Apex Athletics,2020,8,12344
Airbike,Peak Performance Gear,Apex Athletics,2020,9,11185
Airbike,Peak Performance Gear,Apex Athletics,2020,10,13764
Airbike,Peak Performance Gear,Apex Athletics,2020,11,10100
Airbike,Peak Performance Gear,Apex Athletics,2020,12,13521
Airbike,Peak Performance Gear,Apex Athletics,2021,1,13200
Airbike,Peak Performance Gear,Apex Athletics,2021,2,13788
Airbike,Peak Performance Gear,Apex Athletics,2021,3,10315
Airbike,Peak Performance Gear,Apex Athletics,2021,4,12849
Airbike,Peak Performance Gear,Apex Athletics,2021,5,14620
Airbike,Peak Performance Gear,Apex Athletics,2021,6,12621
Airbike,Peak Performance Gear,Apex Athletics,2021,7,14303
Airbike,Peak Performance Gear,Apex Athletics,2021,8,12708
Airbike,Peak Performance Gear,Apex Athletics,2021,9,14649
Airbike,Peak Performance Gear,Apex Athletics,2021,10,11354
Airbike,Peak Performance Gear,Apex Athletics,2021,11,11063
Airbike,Peak Performance Gear,Apex Athletics,2021,12,11831
Airbike,Peak Performance Gear,Apex Athletics,2022,1,10886
Airbike,Peak Performance Gear,Apex Athletics,2022,2,13258
Airbike,Peak Performance Gear,Apex Athletics,2022,3,14617
Airbike,Peak Performance Gear,Apex Athletics,2022,4,11092
Airbike,Peak Performance Gear,Apex Athletics,2022,5,12745
Airbike,Peak Performance Gear,Apex Athletics,2022,6,13881
Airbike,Peak Performance Gear,Apex Athletics,2022,7,10019
Airbike,Peak Performance Gear,Apex Athletics,2022,8,12447
Airbike,Peak Performance Gear,Apex Athletics,2022,9,13983
Airbike,Peak Performance Gear,Apex Athletics,2022,10,12582
Airbike,Peak Performance Gear,Apex Athletics,2022,11,11764
Airbike,Peak Performance Gear,Apex Athletics,2022,12,11823
Airbike,Peak Performance Gear,Apex Athletics,2023,1,13571
Airbike,Peak Performance Gear,Apex Athletics,2023,2,10770
Airbike,Peak Performance Gear,Apex Athletics,2023,3,14117
Airbike,Peak Performance Gear,Apex Athletics,2023,4,13204
Airbike,Peak Performance Gear,Apex Athletics,2023,5,14790
Airbike,Peak Performance Gear,Apex Athletics,2023,6,13200
Airbike,Peak Performance Gear,Apex Athletics,2023,7,10719
Airbike,Peak Performance Gear,Apex Athletics,2023,8,10667
Airbike,Peak Performance Gear,Apex Athletics,2023,9,13431
Airbike,Peak Performance Gear,Apex Athletics,2023,10,12049
Airbike,Peak Performance Gear,Apex Athletics,2023,11,13425
Airbike,Peak Performance Gear,Apex Athletics,2023,12,10178
Airbike,Peak Performance Gear,Apex Athletics,2024,1,11992
Airbike,Peak Performance Gear,Apex Athletics,2024,2,14020
Airbike,Peak Performance Gear,Apex Athletics,2024,3,14640
Airbike,Peak Performance Gear,Apex Athletics,2024,4,13474
Airbike,Peak Performance Gear,Apex Athletics,2024,5,13661
Airbike,Peak Performance Gear,Summit Strength,2018,1,10467
Airbike,Peak Performance Gear,Summit Strength,2018,2,14417
Airbike,Peak Performance Gear,Summit Strength,2018,3,12257
Airbike,Peak Performance Gear,Summit Strength,2018,4,13341
Airbike,Peak Performance Gear,Summit Strength,2018,5,13905
Airbike,Peak Performance Gear,Summit Strength,2018,6,12636
Airbike,Peak Performance Gear,Summit Strength,2018,7,10456
Airbike,Peak Performance Gear,Summit Strength,2018,8,13125
Airbike,Peak Performance Gear,Summit Strength,2018,9,14285
Airbike,Peak Performance Gear,Summit Strength,2018,10,11941
Airbike,Peak Performance Gear,Summit Strength,2018,11,10131
Airbike,Peak Performance Gear,Summit Strength,2018,12,13871
Airbike,Peak Performance Gear,Summit Strength,2019,1,11416
Airbike,Peak Performance Gear,Summit Strength,2019,2,14856
Airbike,Peak Performance Gear,Summit Strength,2019,3,10218
Airbike,Peak Performance Gear,Summit Strength,2019,4,14859
Airbike,Peak Performance Gear,Summit Strength,2019,5,12483
Airbike,Peak Performance Gear,Summit Strength,2019,6,12548
Airbike,Peak Performance Gear,Summit Strength,2019,7,11743
Airbike,Peak Performance Gear,Summit Strength,2019,8,12928
Airbike,Peak Performance Gear,Summit Strength,2019,9,14187
Airbike,Peak Performance Gear,Summit Strength,2019,10,11126
Airbike,Peak Performance Gear,Summit Strength,2019,11,11966
Airbike,Peak Performance Gear,Summit Strength,2019,12,11376
Airbike,Peak Performance Gear,Summit Strength,2020,1,10367
Airbike,Peak Performance Gear,Summit Strength,2020,2,13246
Airbike,Peak Performance Gear,Summit Strength,2020,3,10968
Airbike,Peak Performance Gear,Summit Strength,2020,4,12105
Airbike,Peak Performance Gear,Summit Strength,2020,5,13963
Airbike,Peak Performance Gear,Summit Strength,2020,6,11883
Airbike,Peak Performance Gear,Summit Strength,2020,7,12443
Airbike,Peak Performance Gear,Summit Strength,2020,8,14728
Airbike,Peak Performance Gear,Summit Strength,2020,9,12752
Airbike,Peak Performance Gear,Summit Strength,2020,10,12261
Airbike,Peak Performance Gear,Summit Strength,2020,11,13685
Airbike,Peak Performance Gear,Summit Strength,2020,12,12168
Airbike,Peak Performance Gear,Summit Strength,2021,1,13493
Airbike,Peak Performance Gear,Summit Strength,2021,2,11353
Airbike,Peak Performance Gear,Summit Strength,2021,3,11378
Airbike,Peak Performance Gear,Summit Strength,2021,4,13058
Airbike,Peak Performance Gear,Summit Strength,2021,5,13806
Airbike,Peak Performance Gear,Summit Strength,2021,6,12654
Airbike,Peak Performance Gear,Summit Strength,2021,7,11674
Airbike,Peak Performance Gear,Summit Strength,2021,8,11374
Airbike,Peak Performance Gear,Summit Strength,2021,9,10194
Airbike,Peak Performance Gear,Summit Strength,2021,10,11690
Airbike,Peak Performance Gear,Summit Strength,2021,11,10612
Airbike,Peak Performance Gear,Summit Strength,2021,12,14323
Airbike,Peak Performance Gear,Summit Strength,2022,1,10073
Airbike,Peak Performance Gear,Summit Strength,2022,2,12243
Airbike,Peak Performance Gear,Summit Strength,2022,3,14628
Airbike,Peak Performance Gear,Summit Strength,2022,4,13784
Airbike,Peak Performance Gear,Summit Strength,2022,5,13208
Airbike,Peak Performance Gear,Summit Strength,2022,6,14043
Airbike,Peak Performance Gear,Summit Strength,2022,7,13311
Airbike,Peak Performance Gear,Summit Strength,2022,8,10540
Airbike,Peak Performance Gear,Summit Strength,2022,9,12296
Airbike,Peak Performance Gear,Summit Strength,2022,10,13056
Airbike,Peak Performance Gear,Summit Strength,2022,11,12056
Airbike,Peak Performance Gear,Summit Strength,2022,12,12053
Airbike,Peak Performance Gear,Summit Strength,2023,1,14871
Airbike,Peak Performance Gear,Summit Strength,2023,2,10688
Airbike,Peak Performance Gear,Summit Strength,2023,3,10546
Airbike,Peak Performance Gear,Summit Strength,2023,4,14864
Airbike,Peak Performance Gear,Summit Strength,2023,5,10495
Airbike,Peak Performance Gear,Summit Strength,2023,6,10526
Airbike,Peak Performance Gear,Summit Strength,2023,7,14204
Airbike,Peak Performance Gear,Summit Strength,2023,8,11856
Airbike,Peak Performance Gear,Summit Strength,2023,9,11677
Airbike,Peak Performance Gear,Summit Strength,2023,10,10638
Airbike,Peak Performance Gear,Summit Strength,2023,11,13853
Airbike,Peak Performance Gear,Summit Strength,2023,12,13099
Airbike,Peak Performance Gear,Summit Strength,2024,1,14528
Airbike,Peak Performance Gear,Summit Strength,2024,2,11882
Airbike,Peak Performance Gear,Summit Strength,2024,3,13695
Airbike,Peak Performance Gear,Summit Strength,2024,4,10221
Airbike,Peak Performance Gear,Summit Strength,2024,5,13799
Airbike,Peak Performance Gear,Elevate Fitness,2018,1,12453
Airbike,Peak Performance Gear,Elevate Fitness,2018,2,11794
Airbike,Peak Performance Gear,Elevate Fitness,2018,3,11027
Airbike,Peak Performance Gear,Elevate Fitness,2018,4,13694
Airbike,Peak Performance Gear,Elevate Fitness,2018,5,13012
Airbike,Peak Performance Gear,Elevate Fitness,2018,6,12360
Airbike,Peak Performance Gear,Elevate Fitness,2018,7,12821
Airbike,Peak Performance Gear,Elevate Fitness,2018,8,13859
Airbike,Peak Performance Gear,Elevate Fitness,2018,9,11267
Airbike,Peak Performance Gear,Elevate Fitness,2018,10,14139
Airbike,Peak Performance Gear,Elevate Fitness,2018,11,10784
Airbike,Peak Performance Gear,Elevate Fitness,2018,12,14049
Airbike,Peak Performance Gear,Elevate Fitness,2019,1,13303
Airbike,Peak Performance Gear,Elevate Fitness,2019,2,10255
Airbike,Peak Performance Gear,Elevate Fitness,2019,3,11103
Airbike,Peak Performance Gear,Elevate Fitness,2019,4,12471
Airbike,Peak Performance Gear,Elevate Fitness,2019,5,13766
Airbike,Peak Performance Gear,Elevate Fitness,2019,6,12245
Airbike,Peak Performance Gear,Elevate Fitness,2019,7,12854
Airbike,Peak Performance Gear,Elevate Fitness,2019,8,12213
Airbike,Peak Performance Gear,Elevate Fitness,2019,9,12783
Airbike,Peak Performance Gear,Elevate Fitness,2019,10,11754
Airbike,Peak Performance Gear,Elevate Fitness,2019,11,10299
Airbike,Peak Performance Gear,Elevate Fitness,2019,12,13187
Airbike,Peak Performance Gear,Elevate Fitness,2020,1,10942
Airbike,Peak Performance Gear,Elevate Fitness,2020,2,11834
Airbike,Peak Performance Gear,Elevate Fitness,2020,3,12941
Airbike,Peak Performance Gear,Elevate Fitness,2020,4,10178
Airbike,Peak Performance Gear,Elevate Fitness,2020,5,13874
Airbike,Peak Performance Gear,Elevate Fitness,2020,6,11575
Airbike,Peak Performance Gear,Elevate Fitness,2020,7,13287
Airbike,Peak Performance Gear,Elevate Fitness,2020,8,12332
Airbike,Peak Performance Gear,Elevate Fitness,2020,9,14399
Airbike,Peak Performance Gear,Elevate Fitness,2020,10,13445
Airbike,Peak Performance Gear,Elevate Fitness,2020,11,12448
Airbike,Peak Performance Gear,Elevate Fitness,2020,12,13859
Airbike,Peak Performance Gear,Elevate Fitness,2021,1,14336
Airbike,Peak Performance Gear,Elevate Fitness,2021,2,14528
Airbike,Peak Performance Gear,Elevate Fitness,2021,3,14507
Airbike,Peak Performance Gear,Elevate Fitness,2021,4,13570
Airbike,Peak Performance Gear,Elevate Fitness,2021,5,12812
Airbike,Peak Performance Gear,Elevate Fitness,2021,6,10175
Airbike,Peak Performance Gear,Elevate Fitness,2021,7,14644
Airbike,Peak Performance Gear,Elevate Fitness,2021,8,12538
Airbike,Peak Performance Gear,Elevate Fitness,2021,9,11542
Airbike,Peak Performance Gear,Elevate Fitness,2021,10,14983
Airbike,Peak Performance Gear,Elevate Fitness,2021,11,12449
Airbike,Peak Performance Gear,Elevate Fitness,2021,12,14458
Airbike,Peak Performance Gear,Elevate Fitness,2022,1,10688
Airbike,Peak Performance Gear,Elevate Fitness,2022,2,11450
Airbike,Peak Performance Gear,Elevate Fitness,2022,3,11953
Airbike,Peak Performance Gear,Elevate Fitness,2022,4,10741
Airbike,Peak Performance Gear,Elevate Fitness,2022,5,13159
Airbike,Peak Performance Gear,Elevate Fitness,2022,6,12945
Airbike,Peak Performance Gear,Elevate Fitness,2022,7,11087
Airbike,Peak Performance Gear,Elevate Fitness,2022,8,11293
Airbike,Peak Performance Gear,Elevate Fitness,2022,9,12643
Airbike,Peak Performance Gear,Elevate Fitness,2022,10,13412
Airbike,Peak Performance Gear,Elevate Fitness,2022,11,14060
Airbike,Peak Performance Gear,Elevate Fitness,2022,12,11390
Airbike,Peak Performance Gear,Elevate Fitness,2023,1,11568
Airbike,Peak Performance Gear,Elevate Fitness,2023,2,11056
Airbike,Peak Performance Gear,Elevate Fitness,2023,3,14315
Airbike,Peak Performance Gear,Elevate Fitness,2023,4,11469
Airbike,Peak Performance Gear,Elevate Fitness,2023,5,12908
Airbike,Peak Performance Gear,Elevate Fitness,2023,6,12478
Airbike,Peak Performance Gear,Elevate Fitness,2023,7,14426
Airbike,Peak Performance Gear,Elevate Fitness,2023,8,14862
Airbike,Peak Performance Gear,Elevate Fitness,2023,9,12875
Airbike,Peak Performance Gear,Elevate Fitness,2023,10,10694
Airbike,Peak Performance Gear,Elevate Fitness,2023,11,11275
Airbike,Peak Performance Gear,Elevate Fitness,2023,12,10622
Airbike,Peak Performance Gear,Elevate Fitness,2024,1,11645
Airbike,Peak Performance Gear,Elevate Fitness,2024,2,12824
Airbike,Peak Performance Gear,Elevate Fitness,2024,3,10676
Airbike,Peak Performance Gear,Elevate Fitness,2024,4,14044
Airbike,Peak Performance Gear,Elevate Fitness,2024,5,11417
Airbike,Titan Fitness Supply,Spartan Sports,2018,1,13544
Airbike,Titan Fitness Supply,Spartan Sports,2018,2,13721
Airbike,Titan Fitness Supply,Spartan Sports,2018,3,12887
Airbike,Titan Fitness Supply,Spartan Sports,2018,4,11292
Airbike,Titan Fitness Supply,Spartan Sports,2018,5,12719
Airbike,Titan Fitness Supply,Spartan Sports,2018,6,10786
Airbike,Titan Fitness Supply,Spartan Sports,2018,7,12142
Airbike,Titan Fitness Supply,Spartan Sports,2018,8,12399
Airbike,Titan Fitness Supply,Spartan Sports,2018,9,13600
Airbike,Titan Fitness Supply,Spartan Sports,2018,10,12096
Airbike,Titan Fitness Supply,Spartan Sports,2018,11,14890
Airbike,Titan Fitness Supply,Spartan Sports,2018,12,13781
Airbike,Titan Fitness Supply,Spartan Sports,2019,1,13933
Airbike,Titan Fitness Supply,Spartan Sports,2019,2,10040
Airbike,Titan Fitness Supply,Spartan Sports,2019,3,13623
Airbike,Titan Fitness Supply,Spartan Sports,2019,4,11582
Airbike,Titan Fitness Supply,Spartan Sports,2019,5,13117
Airbike,Titan Fitness Supply,Spartan Sports,2019,6,12784
Airbike,Titan Fitness Supply,Spartan Sports,2019,7,13213
Airbike,Titan Fitness Supply,Spartan Sports,2019,8,14235
Airbike,Titan Fitness Supply,Spartan Sports,2019,9,13971
Airbike,Titan Fitness Supply,Spartan Sports,2019,10,11926
Airbike,Titan Fitness Supply,Spartan Sports,2019,11,10529
Airbike,Titan Fitness Supply,Spartan Sports,2019,12,12634
Airbike,Titan Fitness Supply,Spartan Sports,2020,1,13274
Airbike,Titan Fitness Supply,Spartan Sports,2020,2,12038
Airbike,Titan Fitness Supply,Spartan Sports,2020,3,14057
Airbike,Titan Fitness Supply,Spartan Sports,2020,4,11439
Airbike,Titan Fitness Supply,Spartan Sports,2020,5,10974
Airbike,Titan Fitness Supply,Spartan Sports,2020,6,14976
Airbike,Titan Fitness Supply,Spartan Sports,2020,7,12920
Airbike,Titan Fitness Supply,Spartan Sports,2020,8,14587
Airbike,Titan Fitness Supply,Spartan Sports,2020,9,10340
Airbike,Titan Fitness Supply,Spartan Sports,2020,10,13283
Airbike,Titan Fitness Supply,Spartan Sports,2020,11,14043
Airbike,Titan Fitness Supply,Spartan Sports,2020,12,12402
Airbike,Titan Fitness Supply,Spartan Sports,2021,1,13157
Airbike,Titan Fitness Supply,Spartan Sports,2021,2,14241
Airbike,Titan Fitness Supply,Spartan Sports,2021,3,11986
Airbike,Titan Fitness Supply,Spartan Sports,2021,4,11083
Airbike,Titan Fitness Supply,Spartan Sports,2021,5,10622
Airbike,Titan Fitness Supply,Spartan Sports,2021,6,13624
Airbike,Titan Fitness Supply,Spartan Sports,2021,7,13880
Airbike,Titan Fitness Supply,Spartan Sports,2021,8,12747
Airbike,Titan Fitness Supply,Spartan Sports,2021,9,11016
Airbike,Titan Fitness Supply,Spartan Sports,2021,10,12813
Airbike,Titan Fitness Supply,Spartan Sports,2021,11,10648
Airbike,Titan Fitness Supply,Spartan Sports,2021,12,13133
Airbike,Titan Fitness Supply,Spartan Sports,2022,1,10679
Airbike,Titan Fitness Supply,Spartan Sports,2022,2,14174
Airbike,Titan Fitness Supply,Spartan Sports,2022,3,14109
Airbike,Titan Fitness Supply,Spartan Sports,2022,4,11016
Airbike,Titan Fitness Supply,Spartan Sports,2022,5,10133
Airbike,Titan Fitness Supply,Spartan Sports,2022,6,14344
Airbike,Titan Fitness Supply,Spartan Sports,2022,7,10901
Airbike,Titan Fitness Supply,Spartan Sports,2022,8,11159
Airbike,Titan Fitness Supply,Spartan Sports,2022,9,13962
Airbike,Titan Fitness Supply,Spartan Sports,2022,10,14426
Airbike,Titan Fitness Supply,Spartan Sports,2022,11,13333
Airbike,Titan Fitness Supply,Spartan Sports,2022,12,10914
Airbike,Titan Fitness Supply,Spartan Sports,2023,1,10930
Airbike,Titan Fitness Supply,Spartan Sports,2023,2,10184
Airbike,Titan Fitness Supply,Spartan Sports,2023,3,11402
Airbike,Titan Fitness Supply,Spartan Sports,2023,4,10536
Airbike,Titan Fitness Supply,Spartan Sports,2023,5,10468
Airbike,Titan Fitness Supply,Spartan Sports,2023,6,13616
Airbike,Titan Fitness Supply,Spartan Sports,2023,7,10432
Airbike,Titan Fitness Supply,Spartan Sports,2023,8,13346
Airbike,Titan Fitness Supply,Spartan Sports,2023,9,11092
Airbike,Titan Fitness Supply,Spartan Sports,2023,10,12318
Airbike,Titan Fitness Supply,Spartan Sports,2023,11,13255
Airbike,Titan Fitness Supply,Spartan Sports,2023,12,12554
Airbike,Titan Fitness Supply,Spartan Sports,2024,1,10070
Airbike,Titan Fitness Supply,Spartan Sports,2024,2,12363
Airbike,Titan Fitness Supply,Spartan Sports,2024,3,14953
Airbike,Titan Fitness Supply,Spartan Sports,2024,4,10796
Airbike,Titan Fitness Supply,Spartan Sports,2024,5,10026
Airbike,Titan Fitness Supply,Titan Training,2018,1,13235
Airbike,Titan Fitness Supply,Titan Training,2018,2,12681
Airbike,Titan Fitness Supply,Titan Training,2018,3,11155
Airbike,Titan Fitness Supply,Titan Training,2018,4,14727
Airbike,Titan Fitness Supply,Titan Training,2018,5,13466
Airbike,Titan Fitness Supply,Titan Training,2018,6,13150
Airbike,Titan Fitness Supply,Titan Training,2018,7,10800
Airbike,Titan Fitness Supply,Titan Training,2018,8,13707
Airbike,Titan Fitness Supply,Titan Training,2018,9,13719
Airbike,Titan Fitness Supply,Titan Training,2018,10,10159
Airbike,Titan Fitness Supply,Titan Training,2018,11,13887
Airbike,Titan Fitness Supply,Titan Training,2018,12,14398
Airbike,Titan Fitness Supply,Titan Training,2019,1,11714
Airbike,Titan Fitness Supply,Titan Training,2019,2,13101
Airbike,Titan Fitness Supply,Titan Training,2019,3,11797
Airbike,Titan Fitness Supply,Titan Training,2019,4,10653
Airbike,Titan Fitness Supply,Titan Training,2019,5,14448
Airbike,Titan Fitness Supply,Titan Training,2019,6,12621
Airbike,Titan Fitness Supply,Titan Training,2019,7,14999
Airbike,Titan Fitness Supply,Titan Training,2019,8,13662
Airbike,Titan Fitness Supply,Titan Training,2019,9,12697
Airbike,Titan Fitness Supply,Titan Training,2019,10,11372
Airbike,Titan Fitness Supply,Titan Training,2019,11,10544
Airbike,Titan Fitness Supply,Titan Training,2019,12,10245
Airbike,Titan Fitness Supply,Titan Training,2020,1,14411
Airbike,Titan Fitness Supply,Titan Training,2020,2,11532
Airbike,Titan Fitness Supply,Titan Training,2020,3,12819
Airbike,Titan Fitness Supply,Titan Training,2020,4,13062
Airbike,Titan Fitness Supply,Titan Training,2020,5,11793
Airbike,Titan Fitness Supply,Titan Training,2020,6,14678
Airbike,Titan Fitness Supply,Titan Training,2020,7,10797
Airbike,Titan Fitness Supply,Titan Training,2020,8,11003
Airbike,Titan Fitness Supply,Titan Training,2020,9,12463
Airbike,Titan Fitness Supply,Titan Training,2020,10,11594
Airbike,Titan Fitness Supply,Titan Training,2020,11,13197
Airbike,Titan Fitness Supply,Titan Training,2020,12,13346
Airbike,Titan Fitness Supply,Titan Training,2021,1,13966
Airbike,Titan Fitness Supply,Titan Training,2021,2,11672
Airbike,Titan Fitness Supply,Titan Training,2021,3,13954
Airbike,Titan Fitness Supply,Titan Training,2021,4,13685
Airbike,Titan Fitness Supply,Titan Training,2021,5,11874
Airbike,Titan Fitness Supply,Titan Training,2021,6,10936
Airbike,Titan Fitness Supply,Titan Training,2021,7,12127
Airbike,Titan Fitness Supply,Titan Training,2021,8,11396
Airbike,Titan Fitness Supply,Titan Training,2021,9,13434
Airbike,Titan Fitness Supply,Titan Training,2021,10,14832
Airbike,Titan Fitness Supply,Titan Training,2021,11,14448
Airbike,Titan Fitness Supply,Titan Training,2021,12,13124
Airbike,Titan Fitness Supply,Titan Training,2022,1,10840
Airbike,Titan Fitness Supply,Titan Training,2022,2,11120
Airbike,Titan Fitness Supply,Titan Training,2022,3,13883
Airbike,Titan Fitness Supply,Titan Training,2022,4,12723
Airbike,Titan Fitness Supply,Titan Training,2022,5,13144
Airbike,Titan Fitness Supply,Titan Training,2022,6,10741
Airbike,Titan Fitness Supply,Titan Training,2022,7,14078
Airbike,Titan Fitness Supply,Titan Training,2022,8,12393
Airbike,Titan Fitness Supply,Titan Training,2022,9,11650
Airbike,Titan Fitness Supply,Titan Training,2022,10,10700
Airbike,Titan Fitness Supply,Titan Training,2022,11,14811
Airbike,Titan Fitness Supply,Titan Training,2022,12,10472
Airbike,Titan Fitness Supply,Titan Training,2023,1,14342
Airbike,Titan Fitness Supply,Titan Training,2023,2,10818
Airbike,Titan Fitness Supply,Titan Training,2023,3,11649
Airbike,Titan Fitness Supply,Titan Training,2023,4,10212
Airbike,Titan Fitness Supply,Titan Training,2023,5,10514
Airbike,Titan Fitness Supply,Titan Training,2023,6,11023
Airbike,Titan Fitness Supply,Titan Training,2023,7,11276
Airbike,Titan Fitness Supply,Titan Training,2023,8,11456
Airbike,Titan Fitness Supply,Titan Training,2023,9,12664
Airbike,Titan Fitness Supply,Titan Training,2023,10,11680
Airbike,Titan Fitness Supply,Titan Training,2023,11,11339
Airbike,Titan Fitness Supply,Titan Training,2023,12,14390
Airbike,Titan Fitness Supply,Titan Training,2024,1,12801
Airbike,Titan Fitness Supply,Titan Training,2024,2,11444
Airbike,Titan Fitness Supply,Titan Training,2024,3,11406
Airbike,Titan Fitness Supply,Titan Training,2024,4,12339
Airbike,Titan Fitness Supply,Titan Training,2024,5,12363
Airbike,Iron Stength Equipment Co.,Steel Power,2018,1,14248
Airbike,Iron Stength Equipment Co.,Steel Power,2018,2,12892
Airbike,Iron Stength Equipment Co.,Steel Power,2018,3,11161
Airbike,Iron Stength Equipment Co.,Steel Power,2018,4,10738
Airbike,Iron Stength Equipment Co.,Steel Power,2018,5,14962
Airbike,Iron Stength Equipment Co.,Steel Power,2018,6,12149
Airbike,Iron Stength Equipment Co.,Steel Power,2018,7,14849
Airbike,Iron Stength Equipment Co.,Steel Power,2018,8,13214
Airbike,Iron Stength Equipment Co.,Steel Power,2018,9,10904
Airbike,Iron Stength Equipment Co.,Steel Power,2018,10,14064
Airbike,Iron Stength Equipment Co.,Steel Power,2018,11,13293
Airbike,Iron Stength Equipment Co.,Steel Power,2018,12,11961
Airbike,Iron Stength Equipment Co.,Steel Power,2019,1,10556
Airbike,Iron Stength Equipment Co.,Steel Power,2019,2,13835
Airbike,Iron Stength Equipment Co.,Steel Power,2019,3,14339
Airbike,Iron Stength Equipment Co.,Steel Power,2019,4,11213
Airbike,Iron Stength Equipment Co.,Steel Power,2019,5,12584
Airbike,Iron Stength Equipment Co.,Steel Power,2019,6,10487
Airbike,Iron Stength Equipment Co.,Steel Power,2019,7,13255
Airbike,Iron Stength Equipment Co.,Steel Power,2019,8,13654
Airbike,Iron Stength Equipment Co.,Steel Power,2019,9,12010
Airbike,Iron Stength Equipment Co.,Steel Power,2019,10,10865
Airbike,Iron Stength Equipment Co.,Steel Power,2019,11,13852
Airbike,Iron Stength Equipment Co.,Steel Power,2019,12,13136
Airbike,Iron Stength Equipment Co.,Steel Power,2020,1,10779
Airbike,Iron Stength Equipment Co.,Steel Power,2020,2,10353
Airbike,Iron Stength Equipment Co.,Steel Power,2020,3,10104
Airbike,Iron Stength Equipment Co.,Steel Power,2020,4,14314
Airbike,Iron Stength Equipment Co.,Steel Power,2020,5,12374
Airbike,Iron Stength Equipment Co.,Steel Power,2020,6,10940
Airbike,Iron Stength Equipment Co.,Steel Power,2020,7,13464
Airbike,Iron Stength Equipment Co.,Steel Power,2020,8,11731
Airbike,Iron Stength Equipment Co.,Steel Power,2020,9,10252
Airbike,Iron Stength Equipment Co.,Steel Power,2020,10,12070
Airbike,Iron Stength Equipment Co.,Steel Power,2020,11,10914
Airbike,Iron Stength Equipment Co.,Steel Power,2020,12,13127
Airbike,Iron Stength Equipment Co.,Steel Power,2021,1,11937
Airbike,Iron Stength Equipment Co.,Steel Power,2021,2,11847
Airbike,Iron Stength Equipment Co.,Steel Power,2021,3,13242
Airbike,Iron Stength Equipment Co.,Steel Power,2021,4,10137
Airbike,Iron Stength Equipment Co.,Steel Power,2021,5,13805
Airbike,Iron Stength Equipment Co.,Steel Power,2021,6,11909
Airbike,Iron Stength Equipment Co.,Steel Power,2021,7,12483
Airbike,Iron Stength Equipment Co.,Steel Power,2021,8,11301
Airbike,Iron Stength Equipment Co.,Steel Power,2021,9,14638
Airbike,Iron Stength Equipment Co.,Steel Power,2021,10,10396
Airbike,Iron Stength Equipment Co.,Steel Power,2021,11,14213
Airbike,Iron Stength Equipment Co.,Steel Power,2021,12,10655
Airbike,Iron Stength Equipment Co.,Steel Power,2022,1,11966
Airbike,Iron Stength Equipment Co.,Steel Power,2022,2,14674
Airbike,Iron Stength Equipment Co.,Steel Power,2022,3,10976
Airbike,Iron Stength Equipment Co.,Steel Power,2022,4,13255
Airbike,Iron Stength Equipment Co.,Steel Power,2022,5,10820
Airbike,Iron Stength Equipment Co.,Steel Power,2022,6,12261
Airbike,Iron Stength Equipment Co.,Steel Power,2022,7,12388
Airbike,Iron Stength Equipment Co.,Steel Power,2022,8,13130
Airbike,Iron Stength Equipment Co.,Steel Power,2022,9,11028
Airbike,Iron Stength Equipment Co.,Steel Power,2022,10,10310
Airbike,Iron Stength Equipment Co.,Steel Power,2022,11,14186
Airbike,Iron Stength Equipment Co.,Steel Power,2022,12,10582
Airbike,Iron Stength Equipment Co.,Steel Power,2023,1,13070
Airbike,Iron Stength Equipment Co.,Steel Power,2023,2,12703
Airbike,Iron Stength Equipment Co.,Steel Power,2023,3,14975
Airbike,Iron Stength Equipment Co.,Steel Power,2023,4,13062
Airbike,Iron Stength Equipment Co.,Steel Power,2023,5,11114
Airbike,Iron Stength Equipment Co.,Steel Power,2023,6,10185
Airbike,Iron Stength Equipment Co.,Steel Power,2023,7,10354
Airbike,Iron Stength Equipment Co.,Steel Power,2023,8,12492
Airbike,Iron Stength Equipment Co.,Steel Power,2023,9,10044
Airbike,Iron Stength Equipment Co.,Steel Power,2023,10,11614
Airbike,Iron Stength Equipment Co.,Steel Power,2023,11,14527
Airbike,Iron Stength Equipment Co.,Steel Power,2023,12,12178
Airbike,Iron Stength Equipment Co.,Steel Power,2024,1,14459
Airbike,Iron Stength Equipment Co.,Steel Power,2024,2,11452
Airbike,Iron Stength Equipment Co.,Steel Power,2024,3,11797
Airbike,Iron Stength Equipment Co.,Steel Power,2024,4,14230
Airbike,Iron Stength Equipment Co.,Steel Power,2024,5,14288
